{
  "test_loss": 1.3926112651824951,
  "test_accuracy": 0.1666666716337204,
  "classification_report": {
    "Left Hand": {
      "precision": 0.25,
      "recall": 0.42857142857142855,
      "f1-score": 0.3157894736842105,
      "support": 7.0
    },
    "Right Hand": {
      "precision": 0.0,
      "recall": 0.0,
      "f1-score": 0.0,
      "support": 7.0
    },
    "Foot": {
      "precision": 0.0,
      "recall": 0.0,
      "f1-score": 0.0,
      "support": 8.0
    },
    "Tongue": {
      "precision": 0.2857142857142857,
      "recall": 0.25,
      "f1-score": 0.26666666666666666,
      "support": 8.0
    },
    "accuracy": 0.16666666666666666,
    "macro avg": {
      "precision": 0.13392857142857142,
      "recall": 0.16964285714285715,
      "f1-score": 0.1456140350877193,
      "support": 30.0
    },
    "weighted avg": {
      "precision": 0.13452380952380952,
      "recall": 0.16666666666666666,
      "f1-score": 0.1447953216374269,
      "support": 30.0
    }
  },
  "confusion_matrix": [
    [
      3,
      1,
      1,
      2
    ],
    [
      3,
      0,
      3,
      1
    ],
    [
      4,
      2,
      0,
      2
    ],
    [
      2,
      3,
      1,
      2
    ]
  ],
  "predictions": [
    [
      0.24754780530929565,
      0.2535097301006317,
      0.25140851736068726,
      0.247533917427063
    ],
    [
      0.2440754771232605,
      0.2414807230234146,
      0.25741463899612427,
      0.2570291757583618
    ],
    [
      0.25279709696769714,
      0.255414754152298,
      0.2509715259075165,
      0.2408166378736496
    ],
    [
      0.25476738810539246,
      0.24989621341228485,
      0.24981582164764404,
      0.24552059173583984
    ],
    [
      0.24734988808631897,
      0.25792744755744934,
      0.24686455726623535,
      0.2478582113981247
    ],
    [
      0.25582510232925415,
      0.2445726990699768,
      0.2570684850215912,
      0.24253369867801666
    ],
    [
      0.2501378357410431,
      0.2494831681251526,
      0.2557191848754883,
      0.24465979635715485
    ],
    [
      0.26359879970550537,
      0.2427004873752594,
      0.25146177411079407,
      0.24223902821540833
    ],
    [
      0.2491975575685501,
      0.2563001811504364,
      0.24587342143058777,
      0.24862876534461975
    ],
    [
      0.25786417722702026,
      0.25096753239631653,
      0.24216829240322113,
      0.24900005757808685
    ],
    [
      0.26112234592437744,
      0.24223704636096954,
      0.24325834214687347,
      0.25338223576545715
    ],
    [
      0.2524320185184479,
      0.2433369755744934,
      0.2519410252571106,
      0.25228995084762573
    ],
    [
      0.2541148066520691,
      0.24418611824512482,
      0.25473305583000183,
      0.24696607887744904
    ],
    [
      0.2533491551876068,
      0.25189676880836487,
      0.24404707551002502,
      0.2507070302963257
    ],
    [
      0.25455185770988464,
      0.24331699311733246,
      0.2541792392730713,
      0.24795188009738922
    ],
    [
      0.2523563504219055,
      0.243742436170578,
      0.25177913904190063,
      0.25212204456329346
    ],
    [
      0.2520597279071808,
      0.25276708602905273,
      0.25193679332733154,
      0.24323640763759613
    ],
    [
      0.2536942958831787,
      0.23753437399864197,
      0.24661140143871307,
      0.2621600031852722
    ],
    [
      0.2526874542236328,
      0.24445973336696625,
      0.2526024878025055,
      0.25025036931037903
    ],
    [
      0.2465735822916031,
      0.24483457207679749,
      0.25131434202194214,
      0.2572774291038513
    ],
    [
      0.25877469778060913,
      0.24406112730503082,
      0.24782580137252808,
      0.24933840334415436
    ],
    [
      0.24848033487796783,
      0.2503946125507355,
      0.26090338826179504,
      0.24022164940834045
    ],
    [
      0.24907271564006805,
      0.24697183072566986,
      0.24981726706027985,
      0.25413814187049866
    ],
    [
      0.25020673871040344,
      0.25891411304473877,
      0.24551621079444885,
      0.24536290764808655
    ],
    [
      0.257479727268219,
      0.24852454662322998,
      0.2437061220407486,
      0.250289648771286
    ],
    [
      0.24888958036899567,
      0.24112410843372345,
      0.2530965209007263,
      0.25688982009887695
    ],
    [
      0.2478306144475937,
      0.24465546011924744,
      0.2494538426399231,
      0.2580600678920746
    ],
    [
      0.2547912895679474,
      0.25169646739959717,
      0.24170848727226257,
      0.2518037259578705
    ],
    [
      0.2516184449195862,
      0.24816501140594482,
      0.24808979034423828,
      0.25212669372558594
    ],
    [
      0.25170862674713135,
      0.24067705869674683,
      0.25297293066978455,
      0.25464141368865967
    ]
  ],
  "true_classes": [
    2,
    1,
    3,
    0,
    3,
    1,
    1,
    1,
    3,
    2,
    0,
    1,
    0,
    2,
    2,
    0,
    2,
    1,
    3,
    0,
    1,
    3,
    0,
    0,
    2,
    2,
    3,
    3,
    3,
    2
  ],
  "predicted_classes": [
    1,
    2,
    1,
    0,
    1,
    2,
    2,
    0,
    1,
    0,
    0,
    0,
    2,
    0,
    0,
    0,
    1,
    3,
    0,
    3,
    0,
    2,
    3,
    1,
    0,
    3,
    3,
    0,
    3,
    3
  ],
  "n_classes": 4,
  "target_names": [
    "Left Hand",
    "Right Hand",
    "Foot",
    "Tongue"
  ]
}