{
  "test_loss": 0.6924373507499695,
  "test_accuracy": 0.5925925970077515,
  "classification_report": {
    "Left Hand": {
      "precision": 0.5789473684210527,
      "recall": 0.7857142857142857,
      "f1-score": 0.6666666666666666,
      "support": 14.0
    },
    "Right Hand": {
      "precision": 0.625,
      "recall": 0.38461538461538464,
      "f1-score": 0.47619047619047616,
      "support": 13.0
    },
    "accuracy": 0.5925925925925926,
    "macro avg": {
      "precision": 0.6019736842105263,
      "recall": 0.5851648351648352,
      "f1-score": 0.5714285714285714,
      "support": 27.0
    },
    "weighted avg": {
      "precision": 0.6011208576998051,
      "recall": 0.5925925925925926,
      "f1-score": 0.5749559082892416,
      "support": 27.0
    }
  },
  "confusion_matrix": [
    [
      11,
      3
    ],
    [
      8,
      5
    ]
  ],
  "predictions": [
    [
      0.5021002292633057,
      0.49789971113204956
    ],
    [
      0.503173291683197,
      0.49682673811912537
    ],
    [
      0.5013316869735718,
      0.4986683130264282
    ],
    [
      0.5003077983856201,
      0.49969223141670227
    ],
    [
      0.5025960803031921,
      0.4974038600921631
    ],
    [
      0.5013073682785034,
      0.4986926317214966
    ],
    [
      0.5006387233734131,
      0.4993612766265869
    ],
    [
      0.5024158954620361,
      0.4975840747356415
    ],
    [
      0.5003758668899536,
      0.499624103307724
    ],
    [
      0.49898141622543335,
      0.5010185837745667
    ],
    [
      0.4996080696582794,
      0.500391960144043
    ],
    [
      0.49700024724006653,
      0.5029997229576111
    ],
    [
      0.5019309520721436,
      0.4980691075325012
    ],
    [
      0.4997573792934418,
      0.5002425909042358
    ],
    [
      0.5011680126190186,
      0.49883201718330383
    ],
    [
      0.49820008873939514,
      0.5017998814582825
    ],
    [
      0.5036158561706543,
      0.49638423323631287
    ],
    [
      0.500679612159729,
      0.499320387840271
    ],
    [
      0.5029104948043823,
      0.4970895051956177
    ],
    [
      0.5006380081176758,
      0.49936196208000183
    ],
    [
      0.5023465752601624,
      0.49765345454216003
    ],
    [
      0.5009360909461975,
      0.4990638792514801
    ],
    [
      0.5016885995864868,
      0.4983113408088684
    ],
    [
      0.5012879967689514,
      0.49871206283569336
    ],
    [
      0.4969359338283539,
      0.5030640959739685
    ],
    [
      0.4976479709148407,
      0.5023519992828369
    ],
    [
      0.495827853679657,
      0.5041720867156982
    ]
  ],
  "true_classes": [
    1,
    1,
    0,
    0,
    0,
    1,
    0,
    1,
    1,
    1,
    0,
    1,
    0,
    0,
    1,
    1,
    0,
    0,
    1,
    1,
    0,
    0,
    0,
    0,
    1,
    1,
    0
  ],
  "predicted_classes": [
    0,
    0,
    0,
    0,
    0,
    0,
    0,
    0,
    0,
    1,
    1,
    1,
    0,
    1,
    0,
    1,
    0,
    0,
    0,
    0,
    0,
    0,
    0,
    0,
    1,
    1,
    1
  ]
}