{
  "test_loss": 0.3297450840473175,
  "test_accuracy": 0.8977272510528564,
  "classification_report": {
    "Left Hand": {
      "precision": 0.9459459459459459,
      "recall": 0.875,
      "f1-score": 0.9090909090909091,
      "support": 40.0
    },
    "Right Hand": {
      "precision": 0.0,
      "recall": 0.0,
      "f1-score": 0.0,
      "support": 1.0
    },
    "Foot": {
      "precision": 0.0,
      "recall": 0.0,
      "f1-score": 0.0,
      "support": 2.0
    },
    "Tongue": {
      "precision": 0.88,
      "recall": 0.9777777777777777,
      "f1-score": 0.9263157894736842,
      "support": 45.0
    },
    "accuracy": 0.8977272727272727,
    "macro avg": {
      "precision": 0.4564864864864865,
      "recall": 0.46319444444444446,
      "f1-score": 0.4588516746411483,
      "support": 88.0
    },
    "weighted avg": {
      "precision": 0.8799754299754299,
      "recall": 0.8977272727272727,
      "f1-score": 0.8869073510221835,
      "support": 88.0
    }
  },
  "confusion_matrix": [
    [
      35,
      0,
      0,
      5
    ],
    [
      1,
      0,
      0,
      0
    ],
    [
      1,
      0,
      0,
      1
    ],
    [
      0,
      0,
      1,
      44
    ]
  ],
  "predictions": [
    [
      0.9614375233650208,
      0.023064691573381424,
      0.01056753471493721,
      0.004930333234369755
    ],
    [
      0.9602379202842712,
      0.018720613792538643,
      0.011597037315368652,
      0.009444482624530792
    ],
    [
      0.7614150643348694,
      0.1031070426106453,
      0.10251999646425247,
      0.03295787796378136
    ],
    [
      0.053582508116960526,
      0.01238508615642786,
      0.008273900486528873,
      0.9257585406303406
    ],
    [
      0.9682877659797668,
      0.009288433007895947,
      0.0018989067757502198,
      0.020524850115180016
    ],
    [
      0.02818387933075428,
      0.001008658786304295,
      0.007087910547852516,
      0.9637195467948914
    ],
    [
      0.028012866154313087,
      0.006171208340674639,
      0.010915110819041729,
      0.9549008011817932
    ],
    [
      0.6306649446487427,
      0.0850059762597084,
      0.056564684957265854,
      0.22776444256305695
    ],
    [
      0.9356008768081665,
      0.029319291934370995,
      0.018438726663589478,
      0.016641080379486084
    ],
    [
      0.9615449905395508,
      0.012443605810403824,
      0.009621825069189072,
      0.01638949289917946
    ],
    [
      0.8630738854408264,
      0.05218767002224922,
      0.054329946637153625,
      0.030408406630158424
    ],
    [
      0.9195560812950134,
      0.01228850707411766,
      0.04494031146168709,
      0.02321510948240757
    ],
    [
      0.9681720733642578,
      0.011592818424105644,
      0.014224179089069366,
      0.006010874640196562
    ],
    [
      0.8834207057952881,
      0.029221655800938606,
      0.02200806885957718,
      0.06534947454929352
    ],
    [
      0.9073892831802368,
      0.043580591678619385,
      0.026237167418003082,
      0.022792918607592583
    ],
    [
      0.01906173676252365,
      0.004868603777140379,
      0.014726410619914532,
      0.9613432288169861
    ],
    [
      0.02455856464803219,
      0.0056071896106004715,
      0.007960602641105652,
      0.9618736505508423
    ],
    [
      0.07178143411874771,
      0.01024329848587513,
      0.008417585864663124,
      0.9095577001571655
    ],
    [
      0.015831584110856056,
      0.001775469514541328,
      0.004497042391449213,
      0.977895975112915
    ],
    [
      0.03933747485280037,
      0.008291250094771385,
      0.029863519594073296,
      0.9225077033042908
    ],
    [
      0.9750657677650452,
      0.0015658712945878506,
      0.00214449898339808,
      0.021223869174718857
    ],
    [
      0.7996930480003357,
      0.036011405289173126,
      0.03471599519252777,
      0.12957961857318878
    ],
    [
      0.8313828706741333,
      0.05410270020365715,
      0.0837332084774971,
      0.03078119270503521
    ],
    [
      0.10541973263025284,
      0.00769525533542037,
      0.006520280614495277,
      0.880364716053009
    ],
    [
      0.010199573822319508,
      0.0012902269372716546,
      0.006331258919090033,
      0.9821788668632507
    ],
    [
      0.10836687684059143,
      0.01682070828974247,
      0.01768755353987217,
      0.8571248650550842
    ],
    [
      0.9638251662254333,
      0.02002131938934326,
      0.009123471565544605,
      0.007030015345662832
    ],
    [
      0.6499430537223816,
      0.16999828815460205,
      0.1320115327835083,
      0.04804716259241104
    ],
    [
      0.984012246131897,
      0.008881757967174053,
      0.004294149577617645,
      0.002811863785609603
    ],
    [
      0.09062983840703964,
      0.022514276206493378,
      0.03409469872713089,
      0.8527611494064331
    ],
    [
      0.019406992942094803,
      0.004182414151728153,
      0.015219558961689472,
      0.9611909985542297
    ],
    [
      0.04240107536315918,
      0.005216958001255989,
      0.019100947305560112,
      0.9332810044288635
    ],
    [
      0.07075807452201843,
      0.023934708908200264,
      0.07876789569854736,
      0.8265393376350403
    ],
    [
      0.0036213258281350136,
      0.00019755397806875408,
      0.000399452488636598,
      0.995781660079956
    ],
    [
      0.04016410559415817,
      0.006642400287091732,
      0.01619013398885727,
      0.9370033740997314
    ],
    [
      0.9364925026893616,
      0.013883940875530243,
      0.033331796526908875,
      0.016291772946715355
    ],
    [
      0.09681356698274612,
      0.26940345764160156,
      0.3921290338039398,
      0.24165397882461548
    ],
    [
      0.024373888969421387,
      0.08670876920223236,
      0.22298890352249146,
      0.6659284234046936
    ],
    [
      0.958757758140564,
      0.0246526338160038,
      0.012389485724270344,
      0.004200153984129429
    ],
    [
      0.39035314321517944,
      0.36643075942993164,
      0.18383020162582397,
      0.05938581004738808
    ],
    [
      0.008321603760123253,
      0.00037202806561253965,
      0.001861582975834608,
      0.9894447922706604
    ],
    [
      0.0078020342625677586,
      0.0004736963310278952,
      0.0031075512524694204,
      0.9886167645454407
    ],
    [
      0.010798675008118153,
      0.001812907517887652,
      0.0012034116080030799,
      0.9861850142478943
    ],
    [
      0.7777151465415955,
      0.06490426510572433,
      0.0991985946893692,
      0.05818198621273041
    ],
    [
      0.916395366191864,
      0.01955743134021759,
      0.022019879892468452,
      0.04202729091048241
    ],
    [
      0.9089339971542358,
      0.03478227183222771,
      0.043364595621824265,
      0.012919091619551182
    ],
    [
      0.010969176888465881,
      0.001359234913252294,
      0.0027237392496317625,
      0.9849478602409363
    ],
    [
      0.08005774021148682,
      0.00712211336940527,
      0.009953022934496403,
      0.9028671383857727
    ],
    [
      0.033349476754665375,
      0.0035536226350814104,
      0.002734435722231865,
      0.9603624939918518
    ],
    [
      0.9891631603240967,
      0.004017360508441925,
      0.0022686917800456285,
      0.004550783429294825
    ],
    [
      0.03300275653600693,
      0.0020702185574918985,
      0.005956117995083332,
      0.9589709639549255
    ],
    [
      0.0019822639878839254,
      0.0004033485893160105,
      0.0009164640796370804,
      0.9966979026794434
    ],
    [
      0.04892118647694588,
      0.006088975816965103,
      0.009875131770968437,
      0.9351146817207336
    ],
    [
      0.9015802145004272,
      0.053738951683044434,
      0.033544935286045074,
      0.011135917156934738
    ],
    [
      0.022905364632606506,
      0.004393919371068478,
      0.003520587459206581,
      0.969180166721344
    ],
    [
      0.014887130819261074,
      0.0009055652189999819,
      0.002306652255356312,
